time,x,y,z,vel,roll,pitch,yaw,terrainHeight,reward
15.0693,0,6038.189,0,37876.57,0,0,0,6000,-1
15.11292,0,6024.071,0,18776.45,0,0,0,6000,-1
15.13578,0,6027.03,0,9452.933,0,0,0,6000,-1
15.14645,0,6027.025,0,4726.26,0,0,0,6000,-1
15.16367,0,6027.021,0,2363.017,0,0,0,6000,-1
15.17952,0,6030,0,1275.474,0,0,0,6000,-1
15.20157,0,6024.031,0,502.3797,0,0,0,6000,-1
15.22182,0,6027.01,0,324.7304,0,0,0,6000,-1
15.25406,0,6027.006,0,162.3046,0,0,0,6000,-1
15.27281,0,6027.002,0,81.04819,0,0,0,6000,-1
15.28123,0,6026.998,0,40.29204,0,0,0,6000,-1
15.29584,0,6030,0,122.8969,0,0,0,6000,-1
15.31066,0,6026.994,0,39.93269,0,0,0,6000,-1
15.32706,0,6026.99,0,20.08547,0,0,0,6000,-1
15.34376,0,6026.986,0,10.15969,0,0,0,6000,-0.01596939
15.36148,0,6026.982,0,5.190072,0,0,0,6000,0.4809928
15.37979,0,6030,0,79.80293,0,0,0,6000,-1
15.40803,0,6023.953,0,67.1347,0,0,0,6000,-1
15.42059,0,6026.971,0,86.60623,0,0,0,6000,-1
15.44235,0,6026.967,0,43.21336,0,0,0,6000,-1
15.46433,0,6026.963,0,21.51782,0,0,0,6000,-1
15.48642,0,6026.959,0,10.67048,0,0,0,6000,-0.06704838
15.50763,0,6026.955,0,5.243178,0,0,0,6000,0.4756822
15.53013,0,6026.951,0,2.534762,0,0,0,6000,0.7465239
15.56064,0,6023.891,0,48.88113,0,0,0,6000,-1
15.56802,0,6030,0,389.9088,0,0,0,6000,-1
15.58219,0,6026.939,0,87.01825,0,0,0,6000,-1
15.59631,0,6030,0,151.8845,0,0,0,6000,-1
15.61154,0,6026.936,0,24.66824,0,0,0,6000,-1
15.63181,0,6026.932,0,12.43048,0,0,0,6000,-0.2430476
15.64841,0,6026.928,0,6.332911,0,0,0,6000,0.3667089
15.68914,0,6023.844,0,41.02356,0,0,0,6000,-1
15.72006,0,6023.827,0,20.78022,0,0,0,6000,-1
15.7341,0,6030,0,209.5289,0,0,0,6000,-1
15.74788,0,6026.908,0,7.398811,0,0,0,6000,0.2601188
15.76204,0,6026.904,0,3.837329,0,0,0,6000,0.6162671
15.77697,0,6030,0,101.8075,0,0,0,6000,-1
15.79248,0,6026.9,0,49.04974,0,0,0,6000,-1
15.80853,0,6026.896,0,24.64651,0,0,0,6000,-1
15.82571,0,6026.892,0,12.43695,0,0,0,6000,-0.2436949
15.84313,0,6026.888,0,6.330574,0,0,0,6000,0.3669426
15.87108,0,6026.884,0,3.23518,0,0,0,6000,0.676482
15.88417,0,6026.88,0,1.766744,0,0,0,6000,0.8233256
15.90651,0,6026.876,0,0.9708126,0,0,0,6000,0.9029188
15.92816,0,6026.873,0,0.5756084,0,0,0,6000,0.9424391
15.95003,0,6026.869,0,0.3771207,0,0,0,6000,0.9622879
15.96408,0,6026.865,0,0.3276013,0,0,0,6000,0.9672399
15.97777,0,6030,0,114.3047,0,0,0,6000,-1
15.99303,0,6026.861,0,45.70432,0,0,0,6000,-1
16.0083,0,6026.857,0,22.98011,0,0,0,6000,-1
16.03209,0,6026.853,0,11.57216,0,0,0,6000,-0.1572156
16.04096,0,6026.849,0,6.006291,0,0,0,6000,0.3993709
16.05869,0,6030,0,85.81532,0,0,0,6000,-1
16.07793,0,6026.845,0,39.08256,0,0,0,6000,-1
16.09902,0,6026.841,0,19.63388,0,0,0,6000,-0.9633883
16.12099,0,6023.671,0,81.97093,0,0,0,6000,-1
16.14243,0,6026.83,0,32.68391,0,0,0,6000,-1
16.16439,0,6026.826,0,16.25302,0,0,0,6000,-0.6253018
16.1945,0,6026.822,0,8.061631,0,0,0,6000,0.1938369
16.2093,0,6026.818,0,3.89883,0,0,0,6000,0.610117
16.23426,0,6026.814,0,1.871171,0,0,0,6000,0.812883
16.25701,0,6026.81,0,0.839022,0,0,0,6000,0.9160978
16.27613,0,6026.806,0,0.3173461,0,0,0,6000,0.9682654
16.30444,0,6023.6,0,56.46723,0,0,0,6000,-1
16.33137,0,6026.794,0,31.06553,0,0,0,6000,-1
16.40526,0,6017.137,0,49.81738,0,0,0,6000,-1
16.41644,0,6030,0,550.2307,0,0,0,6000,-1
16.43729,0,6026.774,0,197.7403,0,0,0,6000,-1
16.45821,0,6026.771,0,98.77679,0,0,0,6000,-1
16.50091,0,6020.288,0,26.51508,0,0,0,6000,-1
16.53628,0,6026.755,0,78.17966,0,0,0,6000,-1
16.55281,0,6026.751,0,38.97172,0,0,0,6000,-1
16.58316,0,6023.49,0,34.23593,0,0,0,6000,-1
16.61073,0,6026.739,0,41.80636,0,0,0,6000,-1
16.63578,0,6026.735,0,20.82522,0,0,0,6000,-1
16.65593,0,6026.731,0,10.31568,0,0,0,6000,-0.03156816
16.6838,0,6023.451,0,53.70597,0,0,0,6000,-1
16.69311,0,6030,0,324.6579,0,0,0,6000,-1
16.71484,0,6026.72,0,86.84515,0,0,0,6000,-1
16.73808,0,6026.716,0,43.33855,0,0,0,6000,-1
16.76435,0,6023.42,0,41.08305,0,0,0,6000,-1
16.78673,0,6026.704,0,52.82022,0,0,0,6000,-1
16.80324,0,6026.7,0,26.27704,0,0,0,6000,-1
16.81941,0,6030,0,115.2215,0,0,0,6000,-1
16.84646,0,6023.388,0,64.59906,0,0,0,6000,-1
16.85595,0,6030,0,316.1857,0,0,0,6000,-1
16.87628,0,6026.688,0,76.63805,0,0,0,6000,-1
16.90759,0,6023.364,0,14.7608,0,0,0,6000,-0.47608
16.92798,0,6026.676,0,73.81178,0,0,0,6000,-1
16.95251,0,6026.672,0,36.82627,0,0,0,6000,-1
16.96897,0,6026.668,0,18.29444,0,0,0,6000,-0.8294438
16.98528,0,6026.665,0,9.027447,0,0,0,6000,0.09725531
17.01442,0,6026.661,0,4.446712,0,0,0,6000,0.5553288
17.02376,0,6026.657,0,2.014197,0,0,0,6000,0.7985803
17.04236,0,6026.653,0,0.902086,0,0,0,6000,0.9097914
17.06334,0,6026.649,0,0.3579681,0,0,0,6000,0.9642032
17.08482,0,6026.645,0,0.08805946,0,0,0,6000,0.9911941
17.10877,0,6026.641,0,0.03751485,0,0,0,6000,0.9962485
17.13239,0,6026.637,0,0.1014648,0,0,0,6000,0.9898535
17.14764,0,6026.633,0,0.1787782,0,0,0,6000,0.9821222
17.17259,0,6026.629,0,0.1676764,0,0,0,6000,0.9832324
17.18103,0,6026.625,0,0.3153837,0,0,0,6000,0.9684616
17.19757,0,6030,0,101.8111,0,0,0,6000,-1
17.21436,0,6026.622,0,49.7307,0,0,0,6000,-1
17.23149,0,6026.618,0,24.97939,0,0,0,6000,-1
17.25065,0,6026.614,0,12.59161,0,0,0,6000,-0.2591609
17.27216,0,6026.61,0,6.386598,0,0,0,6000,0.3613402
17.29467,0,6026.606,0,3.280066,0,0,0,6000,0.6719934
17.31849,0,6026.602,0,1.722028,0,0,0,6000,0.8277972
17.34316,0,6023.192,0,69.98978,0,0,0,6000,-1
17.35122,0,6030,0,387.4141,0,0,0,6000,-1
17.3676,0,6026.59,0,89.66356,0,0,0,6000,-1
17.39516,0,6026.586,0,44.7609,0,0,0,6000,-1
17.443,0,6019.734,0,49.22807,0,0,0,6000,-1
17.46386,0,6026.57,0,139.192,0,0,0,6000,-1
17.48602,0,6026.566,0,69.50784,0,0,0,6000,-1
17.5177,0,6026.563,0,34.69226,0,0,0,6000,-1
17.53068,0,6026.559,0,17.19567,0,0,0,6000,-0.7195668
17.55629,0,6026.555,0,8.521581,0,0,0,6000,0.1478419
17.63418,0,6016.18,0,62.34453,0,0,0,6000,-1
17.65981,0,6026.535,0,170.8496,0,0,0,6000,-1
17.68859,0,6023.059,0,25.03111,0,0,0,6000,-1
17.69905,0,6030,0,344.1049,0,0,0,6000,-1
17.72947,0,6023.043,0,57.67544,0,0,0,6000,-1
17.75198,0,6026.516,0,105.9683,0,0,0,6000,-1
17.78078,0,6023.02,0,7.704632,0,0,0,6000,0.2295368
17.80094,0,6026.504,0,82.56356,0,0,0,6000,-1
17.83199,0,6026.5,0,41.21886,0,0,0,6000,-1
17.89659,0,6019.477,0,33.7522,0,0,0,6000,-1
17.90671,0,6026.484,0,329.2857,0,0,0,6000,-1
17.93714,0,6026.48,0,164.5787,0,0,0,6000,-1
17.96983,0,6022.948,0,28.26292,0,0,0,6000,-1
17.99054,0,6026.468,0,99.10681,0,0,0,6000,-1
18.03648,0,6022.925,0,10.98863,0,0,0,6000,-0.09886286
18.05649,0,6026.457,0,93.74659,0,0,0,6000,-1
18.07721,0,6026.453,0,46.77903,0,0,0,6000,-1
18.08779,0,6026.449,0,23.20489,0,0,0,6000,-1
18.09935,0,6030,0,165.1737,0,0,0,6000,-1
18.10839,0,6026.445,0,114.1714,0,0,0,6000,-1
18.12121,0,6026.441,0,57.238,0,0,0,6000,-1
18.13258,0,6030,0,127.8764,0,0,0,6000,-1
18.14342,0,6026.437,0,100.4909,0,0,0,6000,-1
18.16375,0,6026.433,0,50.3415,0,0,0,6000,-1
18.17192,0,6030,0,193.2941,0,0,0,6000,-1
18.18449,0,6026.429,0,45.32323,0,0,0,6000,-1
18.19998,0,6030,0,92.64696,0,0,0,6000,-1
18.21148,0,6026.425,0,109.1318,0,0,0,6000,-1
18.22223,0,6026.421,0,54.74758,0,0,0,6000,-1
18.23009,0,6030,0,200.0901,0,0,0,6000,-1
18.24028,0,6026.417,0,75.70003,0,0,0,6000,-1
18.25332,0,6030,0,99.50957,0,0,0,6000,-1
18.26187,0,6026.414,0,160.0594,0,0,0,6000,-1
18.27244,0,6030,0,89.71709,0,0,0,6000,-1
18.28307,0,6026.41,0,123.9401,0,0,0,6000,-1
18.29565,0,6030,0,80.75975,0,0,0,6000,-1
18.31912,0,6026.406,0,36.18572,0,0,0,6000,-1
18.33054,0,6026.402,0,18.26382,0,0,0,6000,-0.8263825
18.3414,0,6026.398,0,9.311869,0,0,0,6000,0.06881312
18.35406,0,6030,0,137.621,0,0,0,6000,-1
18.38382,0,6022.784,0,52.41389,0,0,0,6000,-1
18.39415,0,6030,0,323.0652,0,0,0,6000,-1
18.4035,0,6026.386,0,31.59154,0,0,0,6000,-1
18.41193,0,6030,0,198.6341,0,0,0,6000,-1
18.42054,0,6026.382,0,110.8206,0,0,0,6000,-1
18.42963,0,6030,0,143.5134,0,0,0,6000,-1
18.43905,0,6030,0,71.75668,0,0,0,6000,-1
18.44813,0,6026.378,0,163.5517,0,0,0,6000,-1
18.4658,0,6026.374,0,81.90017,0,0,0,6000,-1
18.47471,0,6030,0,162.5098,0,0,0,6000,-1
18.48304,0,6026.37,0,136.825,0,0,0,6000,-1
18.49285,0,6030,0,116.5866,0,0,0,6000,-1
18.50207,0,6026.366,0,138.8149,0,0,0,6000,-1
18.51307,0,6030,0,95.71913,0,0,0,6000,-1
18.52628,0,6026.362,0,89.81455,0,0,0,6000,-1
18.54262,0,6026.358,0,45.02679,0,0,0,6000,-1
18.55616,0,6030,0,111.9987,0,0,0,6000,-1
18.56645,0,6026.354,0,121.068,0,0,0,6000,-1
18.5767,0,6030,0,117.3391,0,0,0,6000,-1
18.58572,0,6026.351,0,143.6804,0,0,0,6000,-1
18.59511,0,6030,0,122.3712,0,0,0,6000,-1
18.60373,0,6026.347,0,150.6514,0,0,0,6000,-1
18.62337,0,6026.343,0,75.42517,0,0,0,6000,-1
18.63145,0,6030,0,188.5157,0,0,0,6000,-1
18.63968,0,6030,0,94.25787,0,0,0,6000,-1
18.64878,0,6026.339,0,154.1916,0,0,0,6000,-1
18.65697,0,6030,0,146.2177,0,0,0,6000,-1
18.66488,0,6026.335,0,158.7567,0,0,0,6000,-1
18.67412,0,6030,0,118.7998,0,0,0,6000,-1
18.68209,0,6026.331,0,170.8892,0,0,0,6000,-1
18.69021,0,6030,0,140.4537,0,0,0,6000,-1
18.69831,0,6030,0,70.22684,0,0,0,6000,-1
18.70618,0,6026.327,0,198.3863,0,0,0,6000,-1
18.71391,0,6030,0,138.2424,0,0,0,6000,-1
18.72231,0,6026.323,0,149.7486,0,0,0,6000,-1
18.7301,0,6030,0,161.0511,0,0,0,6000,-1
18.73897,0,6030,0,80.52554,0,0,0,6000,-1
18.74636,0,6026.319,0,208.683,0,0,0,6000,-1
18.7554,0,6030,0,99.37973,0,0,0,6000,-1
18.77251,0,6026.315,0,57.95613,0,0,0,6000,-1
18.78261,0,6026.312,0,29.17137,0,0,0,6000,-1
18.7923,0,6030,0,175.9315,0,0,0,6000,-1
18.8006,0,6026.308,0,134.4166,0,0,0,6000,-1
18.81064,0,6030,0,116.532,0,0,0,6000,-1
18.82136,0,6026.304,0,114.2744,0,0,0,6000,-1
18.8315,0,6030,0,125.0582,0,0,0,6000,-1
18.84001,0,6026.3,0,154.8694,0,0,0,6000,-1
18.84911,0,6030,0,125.9733,0,0,0,6000,-1
18.86043,0,6026.296,0,100.5011,0,0,0,6000,-1
18.87148,0,6030,0,117.3969,0,0,0,6000,-1
18.88412,0,6026.292,0,87.98004,0,0,0,6000,-1
18.89546,0,6030,0,119.4496,0,0,0,6000,-1
18.90503,0,6026.288,0,134.3284,0,0,0,6000,-1
18.91643,0,6030,0,95.64196,0,0,0,6000,-1
18.93478,0,6026.284,0,53.42409,0,0,0,6000,-1
18.94439,0,6026.28,0,26.91527,0,0,0,6000,-1
18.95535,0,6030,0,156.2862,0,0,0,6000,-1
18.96343,0,6026.276,0,152.2085,0,0,0,6000,-1
18.97164,0,6030,0,150.5307,0,0,0,6000,-1
18.98145,0,6026.272,0,114.7925,0,0,0,6000,-1
18.9926,0,6030,0,109.7385,0,0,0,6000,-1
19.00796,0,6026.268,0,66.60472,0,0,0,6000,-1
19.01981,0,6030,0,124.1655,0,0,0,6000,-1
19.03047,0,6026.264,0,113.2395,0,0,0,6000,-1
19.04117,0,6026.26,0,56.80229,0,0,0,6000,-1
19.04998,0,6030,0,183.6807,0,0,0,6000,-1
19.05869,0,6030,0,91.84035,0,0,0,6000,-1
19.06713,0,6026.256,0,176.0685,0,0,0,6000,-1
19.08339,0,6026.252,0,88.15433,0,0,0,6000,-1
19.09394,0,6030,0,133.5869,0,0,0,6000,-1
19.10181,0,6026.249,0,171.3305,0,0,0,6000,-1
19.1095,0,6030,0,158.5416,0,0,0,6000,-1
19.11915,0,6030,0,79.27078,0,0,0,6000,-1
19.12832,0,6026.245,0,165.1443,0,0,0,6000,-1
19.1387,0,6030,0,98.33694,0,0,0,6000,-1
19.14777,0,6026.241,0,157.8972,0,0,0,6000,-1
19.15972,0,6030,0,78.39495,0,0,0,6000,-1
19.17126,0,6026.237,0,123.802,0,0,0,6000,-1
19.18363,0,6026.233,0,62.05896,0,0,0,6000,-1
19.1954,0,6030,0,128.9948,0,0,0,6000,-1
19.2139,0,6026.229,0,37.40055,0,0,0,6000,-1
19.23119,0,6026.225,0,18.81323,0,0,0,6000,-0.8813227
19.25958,0,6026.221,0,9.475416,0,0,0,6000,0.05245837
19.26836,0,6026.217,0,4.960082,0,0,0,6000,0.5039918
19.29008,0,6026.213,0,2.569984,0,0,0,6000,0.7430016
19.30825,0,6026.209,0,1.392488,0,0,0,6000,0.8607513
19.32728,0,6026.206,0,0.7988604,0,0,0,6000,0.920114
19.34687,0,6026.202,0,0.4991581,0,0,0,6000,0.9500842
19.37019,0,6026.198,0,0.3333285,0,0,0,6000,0.9666672
19.39507,0,6026.194,0,0.2451622,0,0,0,6000,0.9754838
19.42316,0,6022.376,0,68.08425,0,0,0,6000,-1
19.44012,0,6026.182,0,78.1273,0,0,0,6000,-1
19.45318,0,6030,0,185.2209,0,0,0,6000,-1
19.47194,0,6026.178,0,9.294563,0,0,0,6000,0.07054365
19.48482,0,6026.174,0,4.79884,0,0,0,6000,0.520116
19.49862,0,6030,0,136.2747,0,0,0,6000,-1
19.51537,0,6026.17,0,46.187,0,0,0,6000,-1
19.53391,0,6026.167,0,23.1988,0,0,0,6000,-1
19.55878,0,6026.163,0,11.67794,0,0,0,6000,-0.1677943
19.58685,0,6022.313,0,74.4156,0,0,0,6000,-1
19.59929,0,6030,0,271.8911,0,0,0,6000,-1
19.62149,0,6022.297,0,37.49553,0,0,0,6000,-1
19.64213,0,6026.143,0,74.41345,0,0,0,6000,-1
19.66367,0,6026.139,0,37.11605,0,0,0,6000,-1
19.68631,0,6026.135,0,18.47173,0,0,0,6000,-0.8471727
19.69885,0,6030,0,163.285,0,0,0,6000,-1
19.71222,0,6026.131,0,63.04066,0,0,0,6000,-1
19.73527,0,6026.127,0,31.60507,0,0,0,6000,-1
19.76361,0,6022.242,0,84.33595,0,0,0,6000,-1
19.78359,0,6026.115,0,54.76868,0,0,0,6000,-1
19.84957,0,6018.322,0,31.67328,0,0,0,6000,-1
19.86943,0,6026.1,0,179.9385,0,0,0,6000,-1
19.89152,0,6026.096,0,89.8808,0,0,0,6000,-1
19.899,0,6030,0,305.8792,0,0,0,6000,-1
19.91372,0,6026.092,0,20.20958,0,0,0,6000,-1
19.93212,0,6026.088,0,9.998655,0,0,0,6000,0.0001344532
19.95382,0,6026.084,0,4.909314,0,0,0,6000,0.5090685
19.96976,0,6026.08,0,2.332149,0,0,0,6000,0.7667851
19.98891,0,6026.076,0,1.06405,0,0,0,6000,0.893595
20.00843,0,6026.072,0,0.4319721,0,0,0,6000,0.9568028
20.03043,0,6026.068,0,0.1272198,0,0,0,6000,0.987278
20.05993,0,6026.064,0,0.002593547,0,0,0,6000,0.9997407
20.06786,0,6026.061,0,0.2475444,0,0,0,6000,0.9752455
20.08218,0,6026.057,0,0.2601689,0,0,0,6000,0.9739831
20.09959,0,6030,0,113.1192,0,0,0,6000,-1
20.11114,0,6026.052,0,114.3597,0,0,0,6000,-1
20.1265,0,6026.048,0,57.30702,0,0,0,6000,-1
20.14418,0,6026.044,0,28.76399,0,0,0,6000,-1
20.16689,0,6026.041,0,14.46801,0,0,0,6000,-0.446801
20.19003,0,6026.037,0,7.318398,0,0,0,6000,0.2681602
20.22129,0,6022.062,0,67.24524,0,0,0,6000,-1
20.23686,0,6030,0,221.3155,0,0,0,6000,-1
20.26208,0,6022.046,0,46.98261,0,0,0,6000,-1
20.28801,0,6026.017,0,53.09993,0,0,0,6000,-1
20.30886,0,6026.013,0,26.45628,0,0,0,6000,-1
20.32853,0,6026.009,0,13.12887,0,0,0,6000,-0.3128868
20.34884,0,6026.005,0,6.468275,0,0,0,6000,0.3531725
20.38073,0,6021.999,0,59.58179,0,0,0,6000,-1
20.39276,0,6030,0,302.9534,0,0,0,6000,-1
20.413,0,6025.994,0,52.51868,0,0,0,6000,-1
20.43335,0,6025.99,0,26.16335,0,0,0,6000,-1
20.45288,0,6025.986,0,12.98169,0,0,0,6000,-0.298169
20.4979,0,6021.96,0,38.22177,0,0,0,6000,-1
20.5306,0,6021.944,0,19.34983,0,0,0,6000,-0.9349827
20.548,0,6025.966,0,105.8694,0,0,0,6000,-1
20.56745,0,6025.962,0,52.8343,0,0,0,6000,-1
20.58778,0,6025.958,0,26.32106,0,0,0,6000,-1
20.60753,0,6025.955,0,13.06164,0,0,0,6000,-0.3061637
20.62819,0,6025.951,0,6.436303,0,0,0,6000,0.3563697
20.64777,0,6025.947,0,3.118415,0,0,0,6000,0.6881585
20.66797,0,6025.942,0,1.450401,0,0,0,6000,0.8549599
20.68813,0,6025.938,0,0.6283197,0,0,0,6000,0.937168
20.71565,0,6025.935,0,0.2432016,0,0,0,6000,0.9756798
20.73526,0,6025.931,0,0.02197446,0,0,0,6000,0.9978026
20.75517,0,6025.927,0,0.08710408,0,0,0,6000,0.9912896
20.77494,0,6025.923,0,0.1423575,0,0,0,6000,0.9857643
20.79572,0,6025.919,0,0.1651404,0,0,0,6000,0.9834859
20.818,0,6025.915,0,0.1702324,0,0,0,6000,0.9829767
20.8312,0,6025.911,0,0.2330765,0,0,0,6000,0.9766924
20.84411,0,6025.907,0,0.2678632,0,0,0,6000,0.9732137
20.86647,0,6025.903,0,0.2212686,0,0,0,6000,0.9778731
20.88052,0,6025.899,0,0.2496521,0,0,0,6000,0.9750348
20.90425,0,6025.896,0,0.2071295,0,0,0,6000,0.979287
20.92384,0,6025.892,0,0.2033085,0,0,0,6000,0.9796692
20.95679,0,6025.888,0,0.1609164,0,0,0,6000,0.9839084
20.98695,0,6021.764,0,68.44568,0,0,0,6000,-1
21.00366,0,6025.876,0,88.84814,0,0,0,6000,-1
21.03214,0,6025.872,0,44.3555,0,0,0,6000,-1
21.04474,0,6025.868,0,22.02271,0,0,0,6000,-1
21.0648,0,6025.864,0,10.91396,0,0,0,6000,-0.09139644
21.08636,0,6025.86,0,5.366429,0,0,0,6000,0.4633571
21.10627,0,6025.856,0,2.585068,0,0,0,6000,0.7414932
21.12605,0,6025.853,0,1.193836,0,0,0,6000,0.8806164
21.14595,0,6025.849,0,0.4987685,0,0,0,6000,0.9501231
21.166,0,6025.845,0,0.1519345,0,0,0,6000,0.9848065
21.18742,0,6025.841,0,0.01521202,0,0,0,6000,0.9984788
21.19867,0,6030,0,184.8826,0,0,0,6000,-1
21.2119,0,6025.837,0,64.82443,0,0,0,6000,-1
21.22591,0,6025.833,0,32.56907,0,0,0,6000,-1
21.24394,0,6025.829,0,16.39286,0,0,0,6000,-0.6392857
21.26101,0,6025.825,0,8.310835,0,0,0,6000,0.1689165
21.27975,0,6030,0,107.2263,0,0,0,6000,-1
21.31922,0,6021.638,0,52.33939,0,0,0,6000,-1
21.33772,0,6025.813,0,86.64327,0,0,0,6000,-1
21.3508,0,6025.809,0,43.17223,0,0,0,6000,-1
21.36341,0,6025.805,0,21.43132,0,0,0,6000,-1
21.3774,0,6030,0,160.7192,0,0,0,6000,-1
21.39309,0,6025.801,0,53.38245,0,0,0,6000,-1
21.40946,0,6025.797,0,26.81056,0,0,0,6000,-1
21.42591,0,6025.793,0,13.52396,0,0,0,6000,-0.3523962
21.44297,0,6025.79,0,6.87649,0,0,0,6000,0.312351
21.46125,0,6025.786,0,3.545107,0,0,0,6000,0.6454893
21.48939,0,6025.782,0,1.841969,0,0,0,6000,0.8158031
21.52095,0,6021.552,0,67.93447,0,0,0,6000,-1
21.53461,0,6030,0,275.1656,0,0,0,6000,-1
21.54744,0,6025.77,0,27.29874,0,0,0,6000,-1
21.56112,0,6025.766,0,13.79215,0,0,0,6000,-0.3792151
21.57619,0,6030,0,133.5302,0,0,0,6000,-1
21.59166,0,6025.762,0,70.20524,0,0,0,6000,-1
21.60682,0,6025.758,0,35.23149,0,0,0,6000,-1
21.62241,0,6025.754,0,17.74103,0,0,0,6000,-0.7741034
21.6372,0,6030,0,134.628,0,0,0,6000,-1
21.65237,0,6025.75,0,72.70901,0,0,0,6000,-1
21.67564,0,6025.747,0,36.43846,0,0,0,6000,-1
21.69551,0,6025.743,0,18.31751,0,0,0,6000,-0.8317513
21.7162,0,6025.739,0,9.25318,0,0,0,6000,0.07468203
21.72851,0,6025.735,0,4.785263,0,0,0,6000,0.5214737
21.74221,0,6025.731,0,2.535146,0,0,0,6000,0.7464854
21.75685,0,6030,0,144.5343,0,0,0,6000,-1
21.7706,0,6025.727,0,83.16456,0,0,0,6000,-1
21.78367,0,6025.723,0,41.7317,0,0,0,6000,-1
21.79752,0,6030,0,133.5402,0,0,0,6000,-1
21.81198,0,6025.719,0,81.31149,0,0,0,6000,-1
21.83501,0,6025.715,0,40.74053,0,0,0,6000,-1
21.85145,0,6025.711,0,20.48907,0,0,0,6000,-1
21.86895,0,6025.707,0,10.35617,0,0,0,6000,-0.0356166
21.8891,0,6025.703,0,5.274994,0,0,0,6000,0.4725006
21.90995,0,6025.699,0,2.731157,0,0,0,6000,0.7268843
21.93047,0,6025.695,0,1.460788,0,0,0,6000,0.8539212
21.95118,0,6025.691,0,0.8246899,0,0,0,6000,0.917531
21.96411,0,6025.688,0,0.5633861,0,0,0,6000,0.9436614
21.98394,0,6025.684,0,0.3802018,0,0,0,6000,0.9619798
21.99917,0,6030,0,141.4816,0,0,0,6000,-1
22.01563,0,6025.68,0,60.5427,0,0,0,6000,-1
22.03029,0,6025.676,0,30.40451,0,0,0,6000,-1
22.0472,0,6025.672,0,15.31776,0,0,0,6000,-0.5317757
22.06363,0,6025.668,0,7.777791,0,0,0,6000,0.2222209
22.08573,0,6025.664,0,3.977285,0,0,0,6000,0.6022715
22.10216,0,6025.66,0,2.107471,0,0,0,6000,0.7892529
22.12241,0,6025.656,0,1.150198,0,0,0,6000,0.8849802
22.15079,0,6025.652,0,0.6439121,0,0,0,6000,0.9356088
22.16433,0,6025.648,0,0.4662321,0,0,0,6000,0.9533768
22.18371,0,6025.645,0,0.3338828,0,0,0,6000,0.9666117
22.19677,0,6030,0,166.6672,0,0,0,6000,-1
22.21,0,6025.641,0,81.33633,0,0,0,6000,-1
22.22448,0,6025.637,0,40.80311,0,0,0,6000,-1
22.23873,0,6030,0,132.6974,0,0,0,6000,-1
22.25195,0,6025.633,0,98.79617,0,0,0,6000,-1
22.26611,0,6025.629,0,49.53604,0,0,0,6000,-1
22.28041,0,6025.625,0,24.90458,0,0,0,6000,-1
22.30769,0,6025.621,0,12.5239,0,0,0,6000,-0.2523896
22.3271,0,6025.617,0,6.375108,0,0,0,6000,0.3624892
22.34732,0,6025.613,0,3.284151,0,0,0,6000,0.671585
22.36419,0,6025.609,0,1.757887,0,0,0,6000,0.8242113
22.38161,0,6025.605,0,0.99107,0,0,0,6000,0.900893
22.3953,0,6030,0,160.0024,0,0,0,6000,-1
22.41009,0,6025.601,0,68.66933,0,0,0,6000,-1
22.42533,0,6025.597,0,34.46289,0,0,0,6000,-1
22.44154,0,6025.593,0,17.35188,0,0,0,6000,-0.7351885
22.46397,0,6025.589,0,8.763036,0,0,0,6000,0.1236964
22.48043,0,6025.585,0,4.50013,0,0,0,6000,0.549987
22.50525,0,6025.582,0,2.328781,0,0,0,6000,0.7671219
22.53057,0,6025.578,0,1.241498,0,0,0,6000,0.8758502
22.55298,0,6025.574,0,0.7079093,0,0,0,6000,0.9292091
22.56656,0,6025.57,0,0.497784,0,0,0,6000,0.9502216
22.58031,0,6025.566,0,0.3909405,0,0,0,6000,0.960906
22.60097,0,6025.562,0,0.2900262,0,0,0,6000,0.9709974
22.62328,0,6025.558,0,0.2325498,0,0,0,6000,0.976745
22.63016,0,6030,0,322.866,0,0,0,6000,-1
22.64603,0,6025.554,0,21.39348,0,0,0,6000,-1
22.66297,0,6025.55,0,10.58143,0,0,0,6000,-0.05814258
22.68212,0,6025.546,0,5.188731,0,0,0,6000,0.4811269
22.70092,0,6025.542,0,2.490475,0,0,0,6000,0.7509525
22.71395,0,6030,0,172.2996,0,0,0,6000,-1
22.72721,0,6025.539,0,82.03609,0,0,0,6000,-1
22.74198,0,6025.535,0,41.15034,0,0,0,6000,-1
22.75636,0,6030,0,134.6193,0,0,0,6000,-1
22.77648,0,6025.531,0,43.76591,0,0,0,6000,-1
22.79257,0,6025.527,0,22.00431,0,0,0,6000,-1
22.80908,0,6025.523,0,11.12052,0,0,0,6000,-0.1120522
22.82695,0,6025.519,0,5.669506,0,0,0,6000,0.4330494
22.85084,0,6025.515,0,2.916536,0,0,0,6000,0.7083464
22.8654,0,6025.511,0,1.609142,0,0,0,6000,0.8390858
22.88194,0,6025.507,0,0.9226356,0,0,0,6000,0.9077364
22.89921,0,6030,0,129.6465,0,0,0,6000,-1
22.91646,0,6025.503,0,65.54893,0,0,0,6000,-1
22.94122,0,6020.994,0,123.815,0,0,0,6000,-1
22.96401,0,6025.491,0,36.73789,0,0,0,6000,-1
22.98704,0,6025.487,0,18.28412,0,0,0,6000,-0.8284117
23.00113,0,6025.483,0,9.003419,0,0,0,6000,0.09965809
23.01579,0,6030,0,158.4553,0,0,0,6000,-1
23.03523,0,6025.479,0,37.07618,0,0,0,6000,-1
23.05289,0,6025.476,0,18.64869,0,0,0,6000,-0.8648688
23.06792,0,6025.472,0,9.454243,0,0,0,6000,0.05457572
23.09425,0,6025.468,0,4.801321,0,0,0,6000,0.5198679
23.12372,0,6020.924,0,79.49422,0,0,0,6000,-1
23.13582,0,6030,0,335.0908,0,0,0,6000,-1
23.15623,0,6025.456,0,56.23419,0,0,0,6000,-1
23.17546,0,6025.452,0,28.01548,0,0,0,6000,-1
23.19573,0,6025.448,0,13.9114,0,0,0,6000,-0.3911399
23.21531,0,6025.444,0,6.855974,0,0,0,6000,0.3144026
23.2353,0,6025.44,0,3.330265,0,0,0,6000,0.6669735
23.26881,0,6020.869,0,66.53602,0,0,0,6000,-1
23.30098,0,6020.854,0,33.51089,0,0,0,6000,-1
23.32163,0,6025.421,0,93.84409,0,0,0,6000,-1
23.33809,0,6030,0,186.0287,0,0,0,6000,-1
23.35853,0,6025.417,0,19.07777,0,0,0,6000,-0.9077767
23.37952,0,6025.413,0,9.631937,0,0,0,6000,0.03680628
23.40052,0,6020.814,0,114.2948,0,0,0,6000,-1
23.42414,0,6025.401,0,39.95131,0,0,0,6000,-1
23.43164,0,6030,0,326.657,0,0,0,6000,-1
23.4459,0,6025.397,0,2.015961,0,0,0,6000,0.7984039
23.46058,0,6025.393,0,0.8749,0,0,0,6000,0.91251
23.47571,0,6030,0,152.7181,0,0,0,6000,-1
23.4912,0,6025.389,0,72.45535,0,0,0,6000,-1
23.50732,0,6025.385,0,36.34878,0,0,0,6000,-1
23.52543,0,6025.381,0,18.28225,0,0,0,6000,-0.8282248
23.54527,0,6025.377,0,9.23957,0,0,0,6000,0.07604302
23.57867,0,6025.374,0,4.678264,0,0,0,6000,0.5321736
23.60681,0,6020.735,0,84.75117,0,0,0,6000,-1
23.63491,0,6025.362,0,39.94451,0,0,0,6000,-1
23.65116,0,6025.358,0,19.85203,0,0,0,6000,-0.9852034
23.67113,0,6025.354,0,9.828206,0,0,0,6000,0.01717938
23.69065,0,6025.35,0,4.814068,0,0,0,6000,0.5185932
23.71083,0,6025.346,0,2.310236,0,0,0,6000,0.7689764
23.72987,0,6025.342,0,1.052538,0,0,0,6000,0.8947462
23.7571,0,6025.338,0,0.4545518,0,0,0,6000,0.9545448
23.77023,0,6025.334,0,0.07853441,0,0,0,6000,0.9921466
23.78328,0,6025.331,0,0.1104841,0,0,0,6000,0.9889516
23.79573,0,6030,0,187.4628,0,0,0,6000,-1
23.80978,0,6025.327,0,72.51355,0,0,0,6000,-1
23.82414,0,6025.323,0,36.39282,0,0,0,6000,-1
23.83952,0,6030,0,133.83,0,0,0,6000,-1
23.85438,0,6025.319,0,90.61331,0,0,0,6000,-1
23.87069,0,6025.315,0,45.42643,0,0,0,6000,-1
23.88813,0,6025.311,0,22.82521,0,0,0,6000,-1
23.91863,0,6025.307,0,11.47663,0,0,0,6000,-0.1476627
23.93516,0,6025.303,0,5.856504,0,0,0,6000,0.4143496
23.95539,0,6025.299,0,3.024776,0,0,0,6000,0.6975224
23.97608,0,6025.295,0,1.618592,0,0,0,6000,0.8381408
23.99542,0,6025.291,0,0.910298,0,0,0,6000,0.9089702
24.01863,0,6025.287,0,0.539312,0,0,0,6000,0.9460688
24.05876,0,6020.563,0,59.12753,0,0,0,6000,-1
24.07922,0,6025.275,0,85.60976,0,0,0,6000,-1
24.0874,0,6025.271,0,42.56601,0,0,0,6000,-1
24.10123,0,6025.268,0,21.14184,0,0,0,6000,-1
24.12765,0,6025.264,0,10.49699,0,0,0,6000,-0.04969856
24.14923,0,6025.26,0,5.157977,0,0,0,6000,0.4842023
24.19543,0,6020.508,0,48.84425,0,0,0,6000,-1
24.20574,0,6025.248,0,205.5935,0,0,0,6000,-1
24.22486,0,6025.244,0,102.6946,0,0,0,6000,-1
24.25256,0,6025.24,0,51.27679,0,0,0,6000,-1
24.27156,0,6025.236,0,25.53558,0,0,0,6000,-1
24.29152,0,6025.232,0,12.66995,0,0,0,6000,-0.2669949
24.31199,0,6025.229,0,6.239587,0,0,0,6000,0.3760413
24.33218,0,6025.225,0,3.023018,0,0,0,6000,0.6976982
24.3445,0,6025.221,0,1.352991,0,0,0,6000,0.8647009
24.3579,0,6030,0,178.994,0,0,0,6000,-1
24.37134,0,6025.217,0,88.43244,0,0,0,6000,-1
24.38415,0,6025.213,0,44.36866,0,0,0,6000,-1
24.40368,0,6025.209,0,22.28437,0,0,0,6000,-1
24.41841,0,6030,0,151.4411,0,0,0,6000,-1
24.43248,0,6025.205,0,94.70998,0,0,0,6000,-1
24.44936,0,6025.201,0,47.47066,0,0,0,6000,-1
24.46467,0,6025.197,0,23.86292,0,0,0,6000,-1
24.48339,0,6025.193,0,12.03577,0,0,0,6000,-0.203577
24.50284,0,6025.189,0,6.11831,0,0,0,6000,0.388169
24.52284,0,6025.185,0,3.169021,0,0,0,6000,0.6830979
24.54231,0,6025.181,0,1.684845,0,0,0,6000,0.8315156
24.57061,0,6025.177,0,0.9114429,0,0,0,6000,0.9088557
24.58343,0,6025.173,0,0.6080129,0,0,0,6000,0.9391987
24.60838,0,6025.169,0,0.3823019,0,0,0,6000,0.9617698
24.62733,0,6025.166,0,0.2942332,0,0,0,6000,0.9705767
24.63737,0,6030,0,240.4837,0,0,0,6000,-1
24.66718,0,6020.319,0,42.1452,0,0,0,6000,-1
24.6856,0,6025.154,0,110.1293,0,0,0,6000,-1
24.69858,0,6030,0,241.8422,0,0,0,6000,-1
24.72214,0,6020.296,0,84.96762,0,0,0,6000,-1
24.74207,0,6025.142,0,79.09268,0,0,0,6000,-1
24.76148,0,6025.138,0,39.44571,0,0,0,6000,-1
24.7818,0,6025.134,0,19.62675,0,0,0,6000,-0.9626749
24.80131,0,6025.13,0,9.713259,0,0,0,6000,0.02867411
24.82287,0,6025.126,0,4.766048,0,0,0,6000,0.5233952
24.85271,0,6025.123,0,2.31756,0,0,0,6000,0.768244
24.88004,0,6020.233,0,88.27872,0,0,0,6000,-1
24.90714,0,6025.111,0,45.84356,0,0,0,6000,-1
24.93415,0,6025.107,0,22.84947,0,0,0,6000,-1
24.95053,0,6025.103,0,11.30543,0,0,0,6000,-0.1305431
24.97074,0,6025.099,0,5.556117,0,0,0,6000,0.4443883
24.99058,0,6025.095,0,2.679591,0,0,0,6000,0.7320409
25.01007,0,6025.091,0,1.239609,0,0,0,6000,0.8760391
25.03554,0,6025.087,0,0.5431144,0,0,0,6000,0.9456885
25.05868,0,6025.083,0,0.1871569,0,0,0,6000,0.9812843
25.08172,0,6020.155,0,106.8976,0,0,0,6000,-1
25.11475,0,6025.071,0,20.9567,0,0,0,6000,-1
25.12798,0,6025.067,0,10.33071,0,0,0,6000,-0.03307077
25.14289,0,6025.063,0,5.034334,0,0,0,6000,0.4965666
25.15771,0,6030,0,169.0384,0,0,0,6000,-1
25.17305,0,6025.06,0,76.58051,0,0,0,6000,-1
25.1944,0,6025.056,0,38.38172,0,0,0,6000,-1
25.21187,0,6025.052,0,19.30268,0,0,0,6000,-0.9302678
25.25891,0,6020.092,0,62.3715,0,0,0,6000,-1
